USE [NGANHANG]
GO

INSERT [dbo].[NhanVien] ([MANV], [HO], [TEN], [DIACHI], [PHAI], [SODT], [MACN], [TrangThaiXoa]) VALUES (1, N'Lương', N'Trang', N'Quận 11', N'Nữ', N'0867530531', N'BENTHANH', 0)
INSERT [dbo].[NhanVien] ([MANV], [HO], [TEN], [DIACHI], [PHAI], [SODT], [MACN], [TrangThaiXoa]) VALUES (2, N'Nguyễn', N'Hà', N'Quận 9', N'Nữ', N'0328999150', N'TANDINH', 0)
INSERT [dbo].[NhanVien] ([MANV], [HO], [TEN], [DIACHI], [PHAI], [SODT], [MACN], [TrangThaiXoa]) VALUES (3, N'Trần', N'Thanh', N'Quận 10', N'Nam', N'0967333219', N'BENTHANH', 0)
INSERT [dbo].[NhanVien] ([MANV], [HO], [TEN], [DIACHI], [PHAI], [SODT], [MACN], [TrangThaiXoa]) VALUES (4, N'Thái', N'Hà', N'Quận 6', N'Nữ', N'0869123902', N'BENTHANH', 0)
INSERT [dbo].[NhanVien] ([MANV], [HO], [TEN], [DIACHI], [PHAI], [SODT], [MACN], [TrangThaiXoa]) VALUES (5, N'Hồ', N'Thái', N'Bình Thạnh', N'Nam', N'0392726679', N'TANDINH', 0)
INSERT [dbo].[NhanVien] ([MANV], [HO], [TEN], [DIACHI], [PHAI], [SODT], [MACN], [TrangThaiXoa]) VALUES (6, N'Hà', N'An', N'Gò Vấp', N'Nam', N'0359261226', N'BENTHANH', 0)
INSERT [dbo].[NhanVien] ([MANV], [HO], [TEN], [DIACHI], [PHAI], [SODT], [MACN], [TrangThaiXoa]) VALUES (7, N'Lê', N'Trà', N'Phú Nhuận', N'Nữ', N'0325465499', N'TANDINH', 0)
INSERT [dbo].[NhanVien] ([MANV], [HO], [TEN], [DIACHI], [PHAI], [SODT], [MACN], [TrangThaiXoa]) VALUES (8, N'Nguyễn', N'Hợp', N'Thủ Đức', N'Nam', N'0337146086', N'BENTHANH', 0)

INSERT [dbo].[KHACHHANG] ([CMND], [HO], [TEN], [PHAI], [DIACHI], [NGAYCAP], [SODT], [MACN]) VALUES (N'045188266', N'Võ Văn', N'Đức', N'Nam', N'Quận 9', CAST(N'2015-02-08' AS Date), N'0328094098', N'TANDINH')
INSERT [dbo].[KHACHHANG] ([CMND], [HO], [TEN], [PHAI], [DIACHI], [NGAYCAP], [SODT], [MACN]) VALUES (N'301451417', N'Lê Hữu', N'Tài', N'Nam', N'Thủ Đức', CAST(N'2018-03-07' AS Date), N'0398658665', N'BENTHANH')
INSERT [dbo].[KHACHHANG] ([CMND], [HO], [TEN], [PHAI], [DIACHI], [NGAYCAP], [SODT], [MACN]) VALUES (N'040402822', N'Hoàng Thanh', N'Bùi', N'Nam', N'Phú Nhuận', CAST(N'2017-08-07' AS Date), N'0963140716', N'BENTHANH')
INSERT [dbo].[KHACHHANG] ([CMND], [HO], [TEN], [PHAI], [DIACHI], [NGAYCAP], [SODT], [MACN]) VALUES (N'241705957', N'Phạm', N'Tuấn', N'Nam', N'Quận 11', CAST(N'2016-10-11' AS Date), N'0383777206', N'TANDINH')
INSERT [dbo].[KHACHHANG] ([CMND], [HO], [TEN], [PHAI], [DIACHI], [NGAYCAP], [SODT], [MACN]) VALUES (N'264469825', N'Lê Thanh', N'Hà', N'Nữ', N'Quận 4', CAST(N'2019-08-29' AS Date), N'0972360003', N'BENTHANH')
INSERT [dbo].[KHACHHANG] ([CMND], [HO], [TEN], [PHAI], [DIACHI], [NGAYCAP], [SODT], [MACN]) VALUES (N'341748975', N'Tiền Hà', N'Nam', N'Nam', N'Quận 1', CAST(N'2015-10-09' AS Date), N'0338987399', N'TANDINH')
INSERT [dbo].[KHACHHANG] ([CMND], [HO], [TEN], [PHAI], [DIACHI], [NGAYCAP], [SODT], [MACN]) VALUES (N'321359046', N'Bùi Thị', N'Thanh', N'Nữ', N'Quận 2', CAST(N'2018-07-07' AS Date), N'0337248599', N'BENTHANH')
INSERT [dbo].[KHACHHANG] ([CMND], [HO], [TEN], [PHAI], [DIACHI], [NGAYCAP], [SODT], [MACN]) VALUES (N'024323417', N'Lê Thanh', N'Bình', N'Nữ', N'Bình Thạnh', CAST(N'2016-07-07' AS Date), N'0375773079', N'TANDINH')
INSERT [dbo].[KHACHHANG] ([CMND], [HO], [TEN], [PHAI], [DIACHI], [NGAYCAP], [SODT], [MACN]) VALUES (N'312261602', N'Huỳnh Văn', N'Nghĩa', N'Nam', N'Quận 5', CAST(N'2017-07-29' AS Date), N'0339653620', N'TANDINH')

INSERT [dbo].[TAIKHOAN] ([SOTK], [CMND], [SODU], [MACN], [NGAYMOTK]) VALUES (N'1', N'045188266', 21000000, N'TANDINH', CAST(N'2015-02-08' AS Date))
INSERT [dbo].[TAIKHOAN] ([SOTK], [CMND], [SODU], [MACN], [NGAYMOTK]) VALUES (N'2', N'301451417', 75000000, N'BENTHANH', CAST(N'2018-03-07' AS Date))
INSERT [dbo].[TAIKHOAN] ([SOTK], [CMND], [SODU], [MACN], [NGAYMOTK]) VALUES (N'3', N'040402822', 84000000, N'BENTHANH', CAST(N'2017-08-07' AS Date))
INSERT [dbo].[TAIKHOAN] ([SOTK], [CMND], [SODU], [MACN], [NGAYMOTK]) VALUES (N'4', N'241705957', 69000000, N'TANDINH', CAST(N'2016-10-11' AS Date))
INSERT [dbo].[TAIKHOAN] ([SOTK], [CMND], [SODU], [MACN], [NGAYMOTK]) VALUES (N'5', N'264469825', 96000000, N'BENTHANH', CAST(N'2019-08-29' AS Date))
INSERT [dbo].[TAIKHOAN] ([SOTK], [CMND], [SODU], [MACN], [NGAYMOTK]) VALUES (N'6', N'341748975', 2000000, N'TANDINH', CAST(N'2015-10-09' AS Date))
INSERT [dbo].[TAIKHOAN] ([SOTK], [CMND], [SODU], [MACN], [NGAYMOTK]) VALUES (N'7', N'321359046', 11000000, N'BENTHANH', CAST(N'2018-07-07' AS Date))
INSERT [dbo].[TAIKHOAN] ([SOTK], [CMND], [SODU], [MACN], [NGAYMOTK]) VALUES (N'8', N'024323417', 31000000, N'TANDINH', CAST(N'2016-07-07' AS Date))
INSERT [dbo].[TAIKHOAN] ([SOTK], [CMND], [SODU], [MACN], [NGAYMOTK]) VALUES (N'9', N'312261602', 7000000, N'TANDINH', CAST(N'2017-07-29' AS Date))
INSERT [dbo].[TAIKHOAN] ([SOTK], [CMND], [SODU], [MACN], [NGAYMOTK]) VALUES (N'10', N'024323417', 10000000, N'BENTHANH', CAST(N'2020-04-03' AS Date))
INSERT [dbo].[TAIKHOAN] ([SOTK], [CMND], [SODU], [MACN], [NGAYMOTK]) VALUES (N'11', N'301451417', 42000000, N'TANDINH', CAST(N'2020-03-04' AS Date))
INSERT [dbo].[TAIKHOAN] ([SOTK], [CMND], [SODU], [MACN], [NGAYMOTK]) VALUES (N'12', N'341748975', 20000000, N'BENTHANH', CAST(N'2020-03-16' AS Date))

SET IDENTITY_INSERT [dbo].[GD_CHUYENTIEN] ON
INSERT [dbo].[GD_CHUYENTIEN] ([MAGD], [SOTK_CHUYEN], [NGAYGD], [SOTIEN], [SOTK_NHAN], [MANV]) VALUES (1, N'1', CAST(N'2021-02-14' AS Date), 12000000, N'3', 6)
INSERT [dbo].[GD_CHUYENTIEN] ([MAGD], [SOTK_CHUYEN], [NGAYGD], [SOTIEN], [SOTK_NHAN], [MANV]) VALUES (2, N'2', CAST(N'2021-04-30' AS Date), 35000000, N'4', 5)
INSERT [dbo].[GD_CHUYENTIEN] ([MAGD], [SOTK_CHUYEN], [NGAYGD], [SOTIEN], [SOTK_NHAN], [MANV]) VALUES (3, N'5', CAST(N'2021-05-01' AS Date), 24000000, N'7', 4)
INSERT [dbo].[GD_CHUYENTIEN] ([MAGD], [SOTK_CHUYEN], [NGAYGD], [SOTIEN], [SOTK_NHAN], [MANV]) VALUES (4, N'6', CAST(N'2021-02-09' AS Date), 7000000, N'8', 3)
INSERT [dbo].[GD_CHUYENTIEN] ([MAGD], [SOTK_CHUYEN], [NGAYGD], [SOTIEN], [SOTK_NHAN], [MANV]) VALUES (5, N'9', CAST(N'2021-06-01' AS Date), 2000000, N'10', 2)
INSERT [dbo].[GD_CHUYENTIEN] ([MAGD], [SOTK_CHUYEN], [NGAYGD], [SOTIEN], [SOTK_NHAN], [MANV]) VALUES (6, N'11', CAST(N'2021-08-03' AS Date), 5000000, N'12', 1)
SET IDENTITY_INSERT [dbo].[GD_CHUYENTIEN] OFF

SET IDENTITY_INSERT [dbo].[GD_GOIRUT] ON
INSERT [dbo].[GD_GOIRUT] ([MAGD], [SOTK], [LOAIGD], [NGAYGD], [SOTIEN], [MANV]) VALUES (1, N'2', N'RT', CAST(N'2021-03-04' AS Date), 6000000, 6)
INSERT [dbo].[GD_GOIRUT] ([MAGD], [SOTK], [LOAIGD], [NGAYGD], [SOTIEN], [MANV]) VALUES (2, N'5', N'GT', CAST(N'2021-07-18' AS Date), 5000000, 5)
INSERT [dbo].[GD_GOIRUT] ([MAGD], [SOTK], [LOAIGD], [NGAYGD], [SOTIEN], [MANV]) VALUES (3, N'9', N'RT', CAST(N'2021-12-01' AS Date), 4000000, 4)
INSERT [dbo].[GD_GOIRUT] ([MAGD], [SOTK], [LOAIGD], [NGAYGD], [SOTIEN], [MANV]) VALUES (4, N'11', N'GT', CAST(N'2021-05-11' AS Date), 3000000, 3)
INSERT [dbo].[GD_GOIRUT] ([MAGD], [SOTK], [LOAIGD], [NGAYGD], [SOTIEN], [MANV]) VALUES (5, N'12', N'RT', CAST(N'2021-07-21' AS Date), 2000000, 2)
INSERT [dbo].[GD_GOIRUT] ([MAGD], [SOTK], [LOAIGD], [NGAYGD], [SOTIEN], [MANV]) VALUES (6, N'1', N'GT', CAST(N'2021-10-01' AS Date), 10000000, 1)
SET IDENTITY_INSERT [dbo].[GD_GOIRUT] OFF